worker_id,task_type,zone_id,duration_sec,errors,device_lag_ms,scanner_failures,timestamp,is_anomaly
W007,ship,A,407.0,0,121.0,0,2024-01-01 00:00:00,0
W020,pack,C,70.0,0,93.0,0,2024-01-01 00:01:00,0
W015,ship,A,24.0,0,61.0,0,2024-01-01 00:02:00,0
W011,pack,C,116.0,0,108.0,0,2024-01-01 00:03:00,0
W008,ship,D,22.0,0,107.0,0,2024-01-01 00:04:00,0
W007,pick,C,120.0,0,68.0,0,2024-01-01 00:05:00,0
W019,receive,D,455.0,0,123.0,1,2024-01-01 00:06:00,0
W011,ship,B,132.0,0,121.0,0,2024-01-01 00:07:00,0
W011,ship,B,173.0,1,74.0,0,2024-01-01 00:08:00,0
W004,receive,B,31.0,0,80.0,0,2024-01-01 00:09:00,0
W008,ship,C,8.0,0,96.0,0,2024-01-01 00:10:00,0
W003,ship,B,21.0,0,77.0,0,2024-01-01 00:11:00,0
W002,pack,A,164.0,0,119.0,0,2024-01-01 00:12:00,0
W012,receive,D,18.0,0,104.0,0,2024-01-01 00:13:00,0
W006,pick,D,85.0,0,67.0,0,2024-01-01 00:14:00,0
W002,ship,A,144.0,0,75.0,0,2024-01-01 00:15:00,0
W001,receive,C,89.0,0,136.0,0,2024-01-01 00:16:00,0
W012,pack,C,32.0,0,146.0,0,2024-01-01 00:17:00,0
W012,pick,D,58.0,0,116.0,0,2024-01-01 00:18:00,0
W017,receive,B,474.0,0,94.0,0,2024-01-01 00:19:00,0
W010,pick,C,203.0,1,87.0,0,2024-01-01 00:20:00,0
W016,pick,C,123.0,0,116.0,0,2024-01-01 00:21:00,0
W015,pick,A,2.0,0,102.0,0,2024-01-01 00:22:00,0
W015,ship,A,879.0,0,52.0,0,2024-01-01 00:23:00,0
W019,ship,B,200.0,0,131.0,0,2024-01-01 00:24:00,0
W012,pack,C,69.0,0,140.0,0,2024-01-01 00:25:00,0
W020,pack,C,1905.0,1,366.0,0,2024-01-01 00:26:00,1
W003,receive,A,54.0,0,67.0,0,2024-01-01 00:27:00,0
W005,pack,C,141.0,0,81.0,0,2024-01-01 00:28:00,0
W019,pick,D,182.0,0,44.0,1,2024-01-01 00:29:00,0
W007,pick,A,45.0,0,148.0,0,2024-01-01 00:30:00,0
W009,ship,B,690.0,0,89.0,0,2024-01-01 00:31:00,0
W007,pick,A,248.0,0,170.0,0,2024-01-01 00:32:00,0
W018,receive,C,147.0,0,159.0,0,2024-01-01 00:33:00,0
W004,pick,B,36.0,0,73.0,0,2024-01-01 00:34:00,0
W014,pick,A,10.0,0,79.0,0,2024-01-01 00:35:00,0
W018,receive,D,69.0,0,114.0,0,2024-01-01 00:36:00,0
W009,pack,D,252.0,0,47.0,0,2024-01-01 00:37:00,0
W002,pack,A,56.0,0,87.0,0,2024-01-01 00:38:00,0
W020,receive,D,140.0,0,84.0,0,2024-01-01 00:39:00,0
W015,ship,D,234.0,0,156.0,0,2024-01-01 00:40:00,0
W007,pick,D,21.0,0,105.0,0,2024-01-01 00:41:00,0
W012,receive,B,208.0,0,91.0,0,2024-01-01 00:42:00,0
W008,pick,D,17.0,0,81.0,0,2024-01-01 00:43:00,0
W015,ship,D,604.0,0,127.0,0,2024-01-01 00:44:00,0
W003,pick,D,121.0,0,85.0,0,2024-01-01 00:45:00,0
W014,receive,B,29.0,0,98.0,0,2024-01-01 00:46:00,0
W017,pick,A,75.0,0,81.0,0,2024-01-01 00:47:00,0
W004,pack,C,96.0,0,54.0,0,2024-01-01 00:48:00,0
W018,ship,D,256.0,0,70.0,0,2024-01-01 00:49:00,0
W008,ship,A,245.0,0,85.0,0,2024-01-01 00:50:00,0
W004,ship,D,170.0,0,92.0,0,2024-01-01 00:51:00,0
W002,receive,B,20.0,0,93.0,0,2024-01-01 00:52:00,0
W006,ship,A,30.0,0,97.0,0,2024-01-01 00:53:00,0
W010,pack,B,90.0,1,255.0,0,2024-01-01 00:54:00,1
W004,receive,D,155.0,0,140.0,0,2024-01-01 00:55:00,0
W018,pack,D,377.0,0,128.0,2,2024-01-01 00:56:00,0
W012,pick,B,102.0,0,96.0,0,2024-01-01 00:57:00,0
W002,pick,C,32.0,0,108.0,0,2024-01-01 00:58:00,0
W010,pick,B,147.0,0,89.0,0,2024-01-01 00:59:00,0
W004,pick,D,301.0,0,15.0,0,2024-01-01 01:00:00,0
W014,pack,B,244.0,0,101.0,1,2024-01-01 01:01:00,0
W016,receive,C,384.0,0,109.0,1,2024-01-01 01:02:00,0
W015,receive,B,59.0,0,52.0,0,2024-01-01 01:03:00,0
W008,ship,C,39.0,0,115.0,0,2024-01-01 01:04:00,0
W014,pack,C,381.0,0,92.0,0,2024-01-01 01:05:00,0
W008,pick,B,193.0,0,110.0,0,2024-01-01 01:06:00,0
W016,pack,B,335.0,1,276.0,0,2024-01-01 01:07:00,1
W013,ship,A,244.0,0,138.0,0,2024-01-01 01:08:00,0
W018,ship,D,304.0,0,107.0,0,2024-01-01 01:09:00,0
W015,pack,C,172.0,0,130.0,0,2024-01-01 01:10:00,0
W013,pack,A,210.0,0,133.0,0,2024-01-01 01:11:00,0
W009,pack,B,85.0,0,66.0,0,2024-01-01 01:12:00,0
W015,receive,D,139.0,0,78.0,0,2024-01-01 01:13:00,0
W013,pick,A,134.0,0,114.0,1,2024-01-01 01:14:00,0
W001,pack,C,339.0,0,89.0,0,2024-01-01 01:15:00,0
W007,pack,A,330.0,0,93.0,0,2024-01-01 01:16:00,0
W009,pack,C,322.0,0,139.0,0,2024-01-01 01:17:00,0
W001,ship,B,2.0,0,91.0,0,2024-01-01 01:18:00,0
W012,ship,D,249.0,0,71.0,0,2024-01-01 01:19:00,0
W008,receive,D,256.0,0,75.0,0,2024-01-01 01:20:00,0
W011,pick,D,204.0,0,165.0,0,2024-01-01 01:21:00,0
W019,receive,B,254.0,0,95.0,0,2024-01-01 01:22:00,0
W017,pick,C,332.0,0,59.0,2,2024-01-01 01:23:00,0
W008,ship,B,114.0,0,47.0,0,2024-01-01 01:24:00,0
W003,ship,D,126.0,0,81.0,0,2024-01-01 01:25:00,0
W003,ship,B,24.0,0,94.0,0,2024-01-01 01:26:00,0
W001,receive,B,88.0,0,128.0,0,2024-01-01 01:27:00,0
W005,pack,B,186.0,0,126.0,0,2024-01-01 01:28:00,0
W010,pack,C,273.0,0,100.0,1,2024-01-01 01:29:00,0
W007,ship,A,44.0,0,86.0,0,2024-01-01 01:30:00,0
W009,pack,A,27.0,0,110.0,0,2024-01-01 01:31:00,0
W007,pack,B,196.0,0,48.0,0,2024-01-01 01:32:00,0
W009,receive,A,0.0,0,159.0,0,2024-01-01 01:33:00,0
W008,pick,A,35.0,0,120.0,0,2024-01-01 01:34:00,0
W012,ship,B,5.0,0,126.0,0,2024-01-01 01:35:00,0
W002,ship,B,33.0,0,68.0,0,2024-01-01 01:36:00,0
W001,receive,D,36.0,0,138.0,0,2024-01-01 01:37:00,0
W016,receive,A,88.0,0,86.0,0,2024-01-01 01:38:00,0
W005,pack,C,93.0,1,71.0,0,2024-01-01 01:39:00,0
W003,ship,B,373.0,0,99.0,0,2024-01-01 01:40:00,0
W012,pick,D,128.0,0,98.0,0,2024-01-01 01:41:00,0
W008,receive,C,231.0,0,68.0,0,2024-01-01 01:42:00,0
W003,pick,A,20.0,0,73.0,0,2024-01-01 01:43:00,0
W001,pick,D,46.0,0,71.0,0,2024-01-01 01:44:00,0
W003,ship,B,218.0,0,71.0,0,2024-01-01 01:45:00,0
W005,ship,C,10.0,0,88.0,1,2024-01-01 01:46:00,0
W015,receive,B,120.0,0,58.0,0,2024-01-01 01:47:00,0
W014,ship,A,165.0,0,79.0,0,2024-01-01 01:48:00,0
W003,ship,C,166.0,0,131.0,0,2024-01-01 01:49:00,0
W001,ship,A,4.0,0,125.0,0,2024-01-01 01:50:00,0
W005,pick,A,70.0,0,69.0,1,2024-01-01 01:51:00,0
W014,receive,D,182.0,0,129.0,0,2024-01-01 01:52:00,0
W007,pack,B,29.0,0,41.0,0,2024-01-01 01:53:00,0
W009,pick,C,214.0,0,173.0,0,2024-01-01 01:54:00,0
W015,ship,A,247.0,0,139.0,0,2024-01-01 01:55:00,0
W015,pick,A,723.0,0,83.0,0,2024-01-01 01:56:00,0
W010,ship,C,42.0,0,111.0,0,2024-01-01 01:57:00,0
W013,ship,A,314.0,0,58.0,0,2024-01-01 01:58:00,0
W019,pick,D,132.0,0,102.0,0,2024-01-01 01:59:00,0
W007,receive,D,84.0,0,94.0,0,2024-01-01 02:00:00,0
W017,ship,D,23.0,0,75.0,1,2024-01-01 02:01:00,0
W020,receive,D,239.0,0,86.0,0,2024-01-01 02:02:00,0
W004,pack,A,48.0,0,83.0,0,2024-01-01 02:03:00,0
W005,ship,C,84.0,0,66.0,0,2024-01-01 02:04:00,0
W007,receive,C,12.0,0,74.0,0,2024-01-01 02:05:00,0
W013,receive,C,291.0,0,57.0,0,2024-01-01 02:06:00,0
W015,pack,C,262.0,0,126.0,0,2024-01-01 02:07:00,0
W011,receive,B,238.0,0,72.0,0,2024-01-01 02:08:00,0
W004,receive,C,64.0,0,63.0,0,2024-01-01 02:09:00,0
W013,pack,B,34.0,0,125.0,0,2024-01-01 02:10:00,0
W007,ship,B,183.0,0,111.0,0,2024-01-01 02:11:00,0
W019,receive,D,123.0,0,124.0,0,2024-01-01 02:12:00,0
W002,receive,B,35.0,0,127.0,1,2024-01-01 02:13:00,0
W010,receive,A,1040.0,1,474.0,0,2024-01-01 02:14:00,1
W013,pick,B,850.0,0,95.0,0,2024-01-01 02:15:00,0
W006,pack,D,248.0,0,56.0,0,2024-01-01 02:16:00,0
W012,pick,B,242.0,0,108.0,0,2024-01-01 02:17:00,0
W012,pack,A,540.0,0,80.0,1,2024-01-01 02:18:00,0
W020,ship,A,41.0,0,71.0,0,2024-01-01 02:19:00,0
W011,ship,A,150.0,0,103.0,0,2024-01-01 02:20:00,0
W007,receive,D,701.0,0,126.0,0,2024-01-01 02:21:00,0
W001,pack,D,33.0,0,75.0,0,2024-01-01 02:22:00,0
W001,ship,C,217.0,0,138.0,0,2024-01-01 02:23:00,0
W020,pack,D,159.0,0,70.0,0,2024-01-01 02:24:00,0
W013,ship,A,159.0,0,93.0,0,2024-01-01 02:25:00,0
W009,pick,A,215.0,0,112.0,0,2024-01-01 02:26:00,0
W003,ship,D,478.0,0,88.0,0,2024-01-01 02:27:00,0
W007,pick,B,275.0,0,47.0,0,2024-01-01 02:28:00,0
W006,ship,D,10.0,0,128.0,0,2024-01-01 02:29:00,0
W008,receive,D,345.0,0,81.0,0,2024-01-01 02:30:00,0
W009,pick,A,46.0,0,122.0,0,2024-01-01 02:31:00,0
W005,ship,C,85.0,0,62.0,0,2024-01-01 02:32:00,0
W001,receive,A,111.0,0,67.0,0,2024-01-01 02:33:00,0
W019,pick,C,118.0,0,126.0,0,2024-01-01 02:34:00,0
W010,receive,A,103.0,0,110.0,0,2024-01-01 02:35:00,0
W012,pack,D,499.0,0,87.0,1,2024-01-01 02:36:00,0
W015,pack,A,220.0,0,111.0,0,2024-01-01 02:37:00,0
W009,pick,A,180.0,0,71.0,0,2024-01-01 02:38:00,0
W020,ship,A,45.0,1,309.0,0,2024-01-01 02:39:00,1
W017,pick,D,422.0,0,104.0,0,2024-01-01 02:40:00,0
W017,receive,D,432.0,0,89.0,0,2024-01-01 02:41:00,0
W020,ship,D,273.0,0,75.0,0,2024-01-01 02:42:00,0
W012,pack,D,1.0,0,102.0,0,2024-01-01 02:43:00,0
W007,ship,C,11.0,0,98.0,0,2024-01-01 02:44:00,0
W002,pack,C,46.0,0,86.0,0,2024-01-01 02:45:00,0
W003,ship,B,25.0,0,69.0,0,2024-01-01 02:46:00,0
W017,ship,D,92.0,0,100.0,0,2024-01-01 02:47:00,0
W005,ship,C,461.0,0,86.0,0,2024-01-01 02:48:00,0
W017,receive,A,115.0,0,69.0,0,2024-01-01 02:49:00,0
W017,receive,D,2.0,0,101.0,0,2024-01-01 02:50:00,0
W017,pick,B,60.0,0,148.0,1,2024-01-01 02:51:00,0
W002,pick,B,8.0,0,89.0,0,2024-01-01 02:52:00,0
W002,pack,B,35.0,1,435.0,0,2024-01-01 02:53:00,1
W005,receive,A,58.0,0,163.0,0,2024-01-01 02:54:00,0
W001,pack,C,58.0,0,71.0,0,2024-01-01 02:55:00,0
W001,pick,A,278.0,0,100.0,0,2024-01-01 02:56:00,0
W019,pack,D,663.0,0,163.0,0,2024-01-01 02:57:00,0
W002,pick,B,420.0,1,288.0,1,2024-01-01 02:58:00,1
W012,receive,A,101.0,1,101.0,0,2024-01-01 02:59:00,0
W006,ship,A,335.0,0,50.0,0,2024-01-01 03:00:00,0
W004,receive,C,56.0,0,84.0,0,2024-01-01 03:01:00,0
W011,pack,C,31.0,0,117.0,0,2024-01-01 03:02:00,0
W017,pack,B,345.0,0,173.0,0,2024-01-01 03:03:00,0
W006,receive,A,9.0,0,94.0,0,2024-01-01 03:04:00,0
W005,receive,A,174.0,0,50.0,1,2024-01-01 03:05:00,0
W020,pick,C,149.0,0,58.0,0,2024-01-01 03:06:00,0
W002,pack,A,76.0,0,99.0,1,2024-01-01 03:07:00,0
W006,pack,A,68.0,0,135.0,0,2024-01-01 03:08:00,0
W011,receive,A,266.0,0,119.0,1,2024-01-01 03:09:00,0
W016,ship,C,16.0,0,114.0,1,2024-01-01 03:10:00,0
W016,pack,B,49.0,0,139.0,0,2024-01-01 03:11:00,0
W001,ship,D,237.0,0,78.0,0,2024-01-01 03:12:00,0
W009,receive,B,143.0,0,101.0,0,2024-01-01 03:13:00,0
W006,receive,D,25.0,0,84.0,0,2024-01-01 03:14:00,0
W016,pick,A,385.0,0,92.0,0,2024-01-01 03:15:00,0
W003,pack,B,90.0,0,70.0,1,2024-01-01 03:16:00,0
W020,ship,D,317.0,0,90.0,0,2024-01-01 03:17:00,0
W004,pick,C,279.0,0,99.0,0,2024-01-01 03:18:00,0
W019,pack,C,176.0,0,89.0,0,2024-01-01 03:19:00,0
W003,pick,B,123.0,1,95.0,0,2024-01-01 03:20:00,0
W019,receive,B,700.0,0,112.0,0,2024-01-01 03:21:00,0
W020,pack,A,28.0,0,137.0,0,2024-01-01 03:22:00,0
W007,pick,B,232.0,0,139.0,0,2024-01-01 03:23:00,0
W020,pick,A,38.0,0,123.0,0,2024-01-01 03:24:00,0
W009,ship,A,74.0,0,62.0,0,2024-01-01 03:25:00,0
W001,pick,C,66.0,0,89.0,0,2024-01-01 03:26:00,0
W008,pack,C,529.0,1,92.0,0,2024-01-01 03:27:00,0
W007,pack,D,616.0,0,80.0,0,2024-01-01 03:28:00,0
W018,ship,C,36.0,0,110.0,0,2024-01-01 03:29:00,0
W008,pack,C,4.0,0,52.0,0,2024-01-01 03:30:00,0
W001,receive,B,229.0,0,151.0,0,2024-01-01 03:31:00,0
W011,pack,C,97.0,0,136.0,0,2024-01-01 03:32:00,0
W018,pack,D,17.0,0,114.0,0,2024-01-01 03:33:00,0
W010,pick,B,207.0,0,98.0,0,2024-01-01 03:34:00,0
W003,pick,D,142.0,0,137.0,1,2024-01-01 03:35:00,0
W007,pack,C,709.0,0,121.0,0,2024-01-01 03:36:00,0
W016,ship,D,46.0,0,133.0,0,2024-01-01 03:37:00,0
W016,pick,B,93.0,0,98.0,1,2024-01-01 03:38:00,0
W020,ship,A,141.0,0,154.0,0,2024-01-01 03:39:00,0
W017,pack,D,282.0,0,135.0,0,2024-01-01 03:40:00,0
W002,pack,D,143.0,0,115.0,0,2024-01-01 03:41:00,0
W001,receive,B,171.0,0,138.0,0,2024-01-01 03:42:00,0
W016,pick,B,46.0,0,87.0,0,2024-01-01 03:43:00,0
W012,pack,D,338.0,0,65.0,0,2024-01-01 03:44:00,0
W005,receive,C,101.0,0,110.0,1,2024-01-01 03:45:00,0
W005,pick,D,27.0,0,98.0,0,2024-01-01 03:46:00,0
W009,pack,B,196.0,0,94.0,0,2024-01-01 03:47:00,0
W009,pack,A,44.0,0,136.0,0,2024-01-01 03:48:00,0
W003,pick,A,18.0,0,105.0,0,2024-01-01 03:49:00,0
W019,pick,C,356.0,0,108.0,0,2024-01-01 03:50:00,0
W016,pick,D,111.0,0,90.0,0,2024-01-01 03:51:00,0
W016,pack,A,249.0,0,126.0,0,2024-01-01 03:52:00,0
W003,pack,D,62.0,0,121.0,0,2024-01-01 03:53:00,0
W020,receive,B,278.0,0,126.0,0,2024-01-01 03:54:00,0
W001,ship,A,21.0,0,85.0,0,2024-01-01 03:55:00,0
W020,pick,C,79.0,0,139.0,0,2024-01-01 03:56:00,0
W011,pack,B,688.0,0,155.0,0,2024-01-01 03:57:00,0
W017,pack,C,284.0,0,125.0,0,2024-01-01 03:58:00,0
W008,pick,B,124.0,0,76.0,0,2024-01-01 03:59:00,0
W004,ship,A,75.0,0,76.0,0,2024-01-01 04:00:00,0
W006,pick,C,370.0,0,89.0,0,2024-01-01 04:01:00,0
W008,ship,C,710.0,1,249.0,0,2024-01-01 04:02:00,1
W020,pack,B,256.0,0,98.0,0,2024-01-01 04:03:00,0
W003,ship,C,253.0,0,119.0,0,2024-01-01 04:04:00,0
W016,receive,B,3.0,0,109.0,0,2024-01-01 04:05:00,0
W003,pack,B,24.0,0,106.0,0,2024-01-01 04:06:00,0
W018,receive,B,194.0,0,93.0,0,2024-01-01 04:07:00,0
W014,pick,B,32.0,0,98.0,0,2024-01-01 04:08:00,0
W018,pick,A,53.0,0,124.0,0,2024-01-01 04:09:00,0
W002,pick,B,528.0,0,40.0,0,2024-01-01 04:10:00,0
W003,ship,D,148.0,0,100.0,0,2024-01-01 04:11:00,0
W016,pack,C,250.0,0,109.0,0,2024-01-01 04:12:00,0
W009,pick,D,147.0,0,124.0,0,2024-01-01 04:13:00,0
W004,pick,A,145.0,0,70.0,0,2024-01-01 04:14:00,0
W001,pack,D,18.0,0,68.0,0,2024-01-01 04:15:00,0
W004,pick,C,76.0,0,118.0,0,2024-01-01 04:16:00,0
W001,receive,D,60.0,0,43.0,0,2024-01-01 04:17:00,0
W014,pack,A,89.0,0,140.0,0,2024-01-01 04:18:00,0
W016,pack,B,288.0,0,107.0,0,2024-01-01 04:19:00,0
W020,pack,D,84.0,0,147.0,0,2024-01-01 04:20:00,0
W008,receive,A,108.0,0,67.0,0,2024-01-01 04:21:00,0
W007,pack,A,91.0,0,87.0,0,2024-01-01 04:22:00,0
W003,receive,C,18.0,0,28.0,0,2024-01-01 04:23:00,0
W017,pack,C,105.0,0,76.0,0,2024-01-01 04:24:00,0
W001,ship,D,39.0,0,94.0,1,2024-01-01 04:25:00,0
W016,pick,B,37.0,0,41.0,0,2024-01-01 04:26:00,0
W012,ship,A,18.0,0,88.0,0,2024-01-01 04:27:00,0
W019,pick,D,395.0,1,120.0,0,2024-01-01 04:28:00,1
W014,receive,A,255.0,0,92.0,0,2024-01-01 04:29:00,0
W006,ship,A,58.0,0,134.0,0,2024-01-01 04:30:00,0
W006,pack,B,67.0,0,99.0,0,2024-01-01 04:31:00,0
W013,pick,B,185.0,0,150.0,0,2024-01-01 04:32:00,0
W019,pick,D,39.0,0,124.0,0,2024-01-01 04:33:00,0
W008,ship,B,409.0,0,140.0,0,2024-01-01 04:34:00,0
W002,receive,B,132.0,0,77.0,0,2024-01-01 04:35:00,0
W001,ship,D,107.0,0,76.0,0,2024-01-01 04:36:00,0
W015,receive,B,147.0,0,110.0,0,2024-01-01 04:37:00,0
W001,receive,C,33.0,0,53.0,0,2024-01-01 04:38:00,0
W005,pick,A,171.0,0,114.0,0,2024-01-01 04:39:00,0
W016,ship,A,81.0,0,90.0,0,2024-01-01 04:40:00,0
W019,ship,A,409.0,1,140.0,0,2024-01-01 04:41:00,0
W004,receive,A,33.0,0,120.0,0,2024-01-01 04:42:00,0
W003,ship,D,127.0,0,133.0,0,2024-01-01 04:43:00,0
W017,pack,A,164.0,0,77.0,0,2024-01-01 04:44:00,0
W017,pack,A,6.0,0,131.0,0,2024-01-01 04:45:00,0
W012,ship,A,81.0,0,143.0,0,2024-01-01 04:46:00,0
W014,ship,A,237.0,0,99.0,0,2024-01-01 04:47:00,0
W006,receive,C,309.0,0,78.0,0,2024-01-01 04:48:00,0
W003,pack,A,68.0,0,78.0,1,2024-01-01 04:49:00,0
W009,pack,C,288.0,0,137.0,0,2024-01-01 04:50:00,0
W005,pick,D,618.0,0,181.0,0,2024-01-01 04:51:00,0
W017,receive,B,350.0,0,71.0,0,2024-01-01 04:52:00,0
W014,pick,A,115.0,1,204.0,0,2024-01-01 04:53:00,1
W003,pack,B,242.0,0,128.0,0,2024-01-01 04:54:00,0
W001,receive,B,69.0,0,77.0,0,2024-01-01 04:55:00,0
W020,ship,D,802.0,0,131.0,0,2024-01-01 04:56:00,0
W001,receive,B,120.0,0,114.0,0,2024-01-01 04:57:00,0
W003,ship,C,24.0,0,99.0,0,2024-01-01 04:58:00,0
W018,ship,B,232.0,0,113.0,0,2024-01-01 04:59:00,0
W010,receive,B,70.0,0,111.0,0,2024-01-01 05:00:00,0
W003,ship,B,1050.0,0,95.0,0,2024-01-01 05:01:00,0
W008,pick,A,702.0,0,47.0,0,2024-01-01 05:02:00,0
W014,pack,A,192.0,0,105.0,0,2024-01-01 05:03:00,0
W018,ship,C,25.0,0,147.0,1,2024-01-01 05:04:00,0
W015,pick,C,209.0,0,52.0,0,2024-01-01 05:05:00,0
W002,ship,A,18.0,0,71.0,0,2024-01-01 05:06:00,0
W010,pack,C,5.0,0,113.0,0,2024-01-01 05:07:00,0
W002,pick,A,312.0,0,101.0,0,2024-01-01 05:08:00,0
W017,pack,D,42.0,0,112.0,0,2024-01-01 05:09:00,0
W008,pack,B,86.0,0,79.0,1,2024-01-01 05:10:00,0
W001,pick,B,653.0,1,135.0,0,2024-01-01 05:11:00,0
W009,pick,C,74.0,0,101.0,0,2024-01-01 05:12:00,0
W011,pick,A,63.0,0,121.0,0,2024-01-01 05:13:00,0
W016,receive,A,451.0,0,110.0,0,2024-01-01 05:14:00,0
W007,pick,C,21.0,0,105.0,0,2024-01-01 05:15:00,0
W010,pick,A,257.0,0,119.0,0,2024-01-01 05:16:00,0
W003,pick,D,797.0,0,106.0,0,2024-01-01 05:17:00,0
W018,pick,B,417.0,0,64.0,0,2024-01-01 05:18:00,0
W013,ship,C,190.0,0,133.0,0,2024-01-01 05:19:00,0
W007,receive,C,68.0,0,125.0,0,2024-01-01 05:20:00,0
W004,pack,A,53.0,0,37.0,0,2024-01-01 05:21:00,0
W013,pick,C,308.0,0,80.0,0,2024-01-01 05:22:00,0
W020,ship,D,381.0,0,131.0,0,2024-01-01 05:23:00,0
W001,ship,A,670.0,1,135.0,0,2024-01-01 05:24:00,1
W008,ship,A,50.0,0,128.0,0,2024-01-01 05:25:00,0
W014,pack,A,22.0,0,96.0,0,2024-01-01 05:26:00,0
W016,pick,A,16.0,0,140.0,0,2024-01-01 05:27:00,0
W014,receive,D,229.0,0,100.0,0,2024-01-01 05:28:00,0
W012,receive,A,98.0,0,78.0,0,2024-01-01 05:29:00,0
W019,ship,C,424.0,0,109.0,0,2024-01-01 05:30:00,0
W015,pack,D,242.0,0,99.0,0,2024-01-01 05:31:00,0
W002,pack,B,38.0,0,76.0,0,2024-01-01 05:32:00,0
W002,pack,B,171.0,0,167.0,0,2024-01-01 05:33:00,0
W019,receive,C,103.0,0,71.0,0,2024-01-01 05:34:00,0
W017,ship,C,155.0,0,33.0,0,2024-01-01 05:35:00,0
W020,pick,D,241.0,0,147.0,0,2024-01-01 05:36:00,0
W010,receive,B,295.0,0,82.0,0,2024-01-01 05:37:00,0
W006,ship,B,334.0,0,91.0,0,2024-01-01 05:38:00,0
W015,ship,B,53.0,0,89.0,0,2024-01-01 05:39:00,0
W011,pick,B,6.0,0,83.0,0,2024-01-01 05:40:00,0
W005,pick,B,242.0,0,77.0,1,2024-01-01 05:41:00,0
W001,pick,A,20.0,0,70.0,0,2024-01-01 05:42:00,0
W008,pack,C,68.0,0,102.0,0,2024-01-01 05:43:00,0
W012,pick,A,1.0,0,88.0,0,2024-01-01 05:44:00,0
W012,ship,B,206.0,0,122.0,0,2024-01-01 05:45:00,0
W005,pick,D,33.0,0,114.0,0,2024-01-01 05:46:00,0
W007,ship,D,192.0,0,72.0,0,2024-01-01 05:47:00,0
W004,receive,B,863.0,0,103.0,0,2024-01-01 05:48:00,0
W006,pack,B,14.0,0,87.0,1,2024-01-01 05:49:00,0
W013,receive,D,14.0,0,70.0,0,2024-01-01 05:50:00,0
W020,receive,A,375.0,1,363.0,0,2024-01-01 05:51:00,1
W015,ship,A,362.0,0,96.0,0,2024-01-01 05:52:00,0
W003,receive,B,44.0,0,88.0,0,2024-01-01 05:53:00,0
W008,ship,A,80.0,0,74.0,0,2024-01-01 05:54:00,0
W020,pick,D,13.0,0,69.0,0,2024-01-01 05:55:00,0
W016,pick,A,259.0,0,160.0,0,2024-01-01 05:56:00,0
W013,ship,B,94.0,0,110.0,0,2024-01-01 05:57:00,0
W018,pick,D,256.0,0,67.0,0,2024-01-01 05:58:00,0
W010,pack,A,421.0,0,109.0,0,2024-01-01 05:59:00,0
W019,receive,C,48.0,0,132.0,0,2024-01-01 06:00:00,0
W017,pack,D,296.0,0,105.0,0,2024-01-01 06:01:00,0
W019,receive,D,11.0,0,141.0,0,2024-01-01 06:02:00,0
W005,pick,C,412.0,0,54.0,0,2024-01-01 06:03:00,0
W009,pack,C,945.0,1,120.0,0,2024-01-01 06:04:00,1
W012,pick,D,373.0,0,108.0,0,2024-01-01 06:05:00,0
W001,receive,C,0.0,0,108.0,0,2024-01-01 06:06:00,0
W001,ship,B,33.0,0,-0.0,0,2024-01-01 06:07:00,0
W015,ship,B,89.0,0,81.0,0,2024-01-01 06:08:00,0
W002,pack,B,86.0,0,70.0,0,2024-01-01 06:09:00,0
W016,pick,D,46.0,0,58.0,1,2024-01-01 06:10:00,0
W008,pick,C,435.0,1,210.0,0,2024-01-01 06:11:00,1
W013,pack,C,25.0,0,118.0,0,2024-01-01 06:12:00,0
W001,ship,A,96.0,0,69.0,0,2024-01-01 06:13:00,0
W016,receive,A,292.0,0,71.0,0,2024-01-01 06:14:00,0
W007,pack,C,117.0,0,51.0,0,2024-01-01 06:15:00,0
W005,receive,C,3.0,0,138.0,0,2024-01-01 06:16:00,0
W003,ship,C,98.0,0,113.0,0,2024-01-01 06:17:00,0
W012,pick,D,5.0,0,25.0,0,2024-01-01 06:18:00,0
W016,ship,C,610.0,0,71.0,0,2024-01-01 06:19:00,0
W019,pack,A,25.0,0,116.0,0,2024-01-01 06:20:00,0
W005,pick,D,221.0,0,138.0,0,2024-01-01 06:21:00,0
W014,pack,C,649.0,0,125.0,0,2024-01-01 06:22:00,0
W005,pack,A,315.0,0,89.0,0,2024-01-01 06:23:00,0
W015,ship,D,216.0,0,42.0,0,2024-01-01 06:24:00,0
W017,pack,C,329.0,0,126.0,0,2024-01-01 06:25:00,0
W014,ship,C,721.0,0,91.0,0,2024-01-01 06:26:00,0
W020,pick,C,175.0,0,102.0,0,2024-01-01 06:27:00,0
W005,ship,D,147.0,0,95.0,0,2024-01-01 06:28:00,0
W012,pick,A,178.0,0,59.0,0,2024-01-01 06:29:00,0
W016,ship,A,137.0,0,111.0,0,2024-01-01 06:30:00,0
W016,receive,B,181.0,0,107.0,0,2024-01-01 06:31:00,0
W007,receive,C,108.0,0,87.0,0,2024-01-01 06:32:00,0
W004,pack,B,44.0,0,114.0,0,2024-01-01 06:33:00,0
W001,ship,B,23.0,0,59.0,0,2024-01-01 06:34:00,0
W005,ship,A,13.0,0,92.0,0,2024-01-01 06:35:00,0
W010,pick,D,55.0,0,101.0,0,2024-01-01 06:36:00,0
W005,pack,D,8.0,0,48.0,1,2024-01-01 06:37:00,0
W004,ship,A,151.0,0,98.0,0,2024-01-01 06:38:00,0
W002,pack,D,60.0,0,122.0,0,2024-01-01 06:39:00,0
W020,receive,B,313.0,0,91.0,0,2024-01-01 06:40:00,0
W010,ship,C,14.0,0,99.0,0,2024-01-01 06:41:00,0
W019,ship,A,46.0,0,117.0,0,2024-01-01 06:42:00,0
W001,pack,C,236.0,0,88.0,0,2024-01-01 06:43:00,0
W005,ship,D,164.0,0,91.0,1,2024-01-01 06:44:00,0
W013,pack,C,12.0,0,65.0,0,2024-01-01 06:45:00,0
W004,ship,D,378.0,0,100.0,0,2024-01-01 06:46:00,0
W016,pick,D,1890.0,1,270.0,0,2024-01-01 06:47:00,1
W016,pack,B,72.0,0,115.0,0,2024-01-01 06:48:00,0
W002,ship,D,75.0,0,117.0,0,2024-01-01 06:49:00,0
W017,receive,B,812.0,0,124.0,0,2024-01-01 06:50:00,0
W020,ship,B,177.0,0,85.0,0,2024-01-01 06:51:00,0
W012,receive,B,136.0,1,35.0,0,2024-01-01 06:52:00,0
W018,receive,A,328.0,0,122.0,0,2024-01-01 06:53:00,0
W003,pick,A,60.0,0,113.0,0,2024-01-01 06:54:00,0
W001,pack,D,101.0,0,81.0,0,2024-01-01 06:55:00,0
W001,ship,B,56.0,0,117.0,1,2024-01-01 06:56:00,0
W019,pick,A,280.0,0,57.0,0,2024-01-01 06:57:00,0
W011,ship,B,153.0,0,131.0,0,2024-01-01 06:58:00,0
W005,receive,C,194.0,0,90.0,1,2024-01-01 06:59:00,0
W012,pack,C,52.0,0,75.0,0,2024-01-01 07:00:00,0
W003,ship,C,45.0,0,81.0,0,2024-01-01 07:01:00,0
W001,ship,D,121.0,0,93.0,0,2024-01-01 07:02:00,0
W001,receive,B,241.0,0,100.0,0,2024-01-01 07:03:00,0
W008,ship,C,134.0,0,101.0,0,2024-01-01 07:04:00,0
W010,ship,A,6.0,0,87.0,0,2024-01-01 07:05:00,0
W011,receive,C,365.0,0,106.0,1,2024-01-01 07:06:00,0
W012,pick,C,12.0,0,100.0,0,2024-01-01 07:07:00,0
W013,receive,C,562.0,0,81.0,0,2024-01-01 07:08:00,0
W012,pick,D,5.0,1,76.0,0,2024-01-01 07:09:00,0
W014,pack,A,213.0,0,118.0,0,2024-01-01 07:10:00,0
W002,pick,B,15.0,0,116.0,0,2024-01-01 07:11:00,0
W019,pick,A,435.0,0,102.0,0,2024-01-01 07:12:00,0
W018,pack,B,112.0,0,128.0,0,2024-01-01 07:13:00,0
W003,pick,D,27.0,0,41.0,0,2024-01-01 07:14:00,0
W017,receive,D,75.0,0,83.0,0,2024-01-01 07:15:00,0
W008,pick,D,32.0,0,65.0,0,2024-01-01 07:16:00,0
W010,pack,D,34.0,0,168.0,0,2024-01-01 07:17:00,0
W002,receive,B,533.0,0,121.0,0,2024-01-01 07:18:00,0
W019,pack,C,106.0,0,98.0,0,2024-01-01 07:19:00,0
W009,pack,B,280.0,0,124.0,0,2024-01-01 07:20:00,0
W007,ship,A,184.0,0,133.0,0,2024-01-01 07:21:00,0
W004,ship,D,203.0,0,133.0,0,2024-01-01 07:22:00,0
W018,pack,D,25.0,0,128.0,0,2024-01-01 07:23:00,0
W013,pack,A,240.0,1,276.0,0,2024-01-01 07:24:00,1
W011,pack,B,278.0,0,85.0,0,2024-01-01 07:25:00,0
W004,ship,C,636.0,0,71.0,0,2024-01-01 07:26:00,0
W004,ship,C,55.0,0,115.0,0,2024-01-01 07:27:00,0
W010,pick,A,57.0,0,95.0,1,2024-01-01 07:28:00,0
W005,pick,C,115.0,0,87.0,0,2024-01-01 07:29:00,0
W009,pack,B,743.0,0,86.0,1,2024-01-01 07:30:00,0
W003,receive,B,56.0,0,144.0,1,2024-01-01 07:31:00,0
W017,receive,A,94.0,0,129.0,0,2024-01-01 07:32:00,0
W003,ship,B,400.0,0,155.0,0,2024-01-01 07:33:00,0
W016,ship,D,1.0,0,116.0,0,2024-01-01 07:34:00,0
W004,ship,A,7.0,0,102.0,0,2024-01-01 07:35:00,0
W018,pack,B,167.0,0,99.0,0,2024-01-01 07:36:00,0
W017,receive,A,428.0,0,69.0,0,2024-01-01 07:37:00,0
W007,pick,C,49.0,0,62.0,0,2024-01-01 07:38:00,0
W005,pack,B,114.0,0,115.0,0,2024-01-01 07:39:00,0
W012,pick,D,108.0,0,72.0,0,2024-01-01 07:40:00,0
W017,pick,B,115.0,0,106.0,0,2024-01-01 07:41:00,0
W013,pack,A,175.0,0,133.0,0,2024-01-01 07:42:00,0
W003,pick,A,114.0,0,80.0,0,2024-01-01 07:43:00,0
W009,receive,B,107.0,0,160.0,2,2024-01-01 07:44:00,0
W017,pick,D,116.0,0,70.0,0,2024-01-01 07:45:00,0
W017,receive,D,161.0,0,130.0,0,2024-01-01 07:46:00,0
W020,receive,D,139.0,0,113.0,0,2024-01-01 07:47:00,0
W016,receive,A,347.0,0,136.0,0,2024-01-01 07:48:00,0
W013,ship,B,9.0,0,67.0,0,2024-01-01 07:49:00,0
W019,pick,C,322.0,1,169.0,1,2024-01-01 07:50:00,0
W017,pack,A,334.0,0,95.0,0,2024-01-01 07:51:00,0
W004,pack,D,60.0,0,120.0,0,2024-01-01 07:52:00,0
W012,pick,B,112.0,1,143.0,0,2024-01-01 07:53:00,0
W009,ship,D,104.0,0,82.0,0,2024-01-01 07:54:00,0
W019,ship,C,44.0,0,125.0,0,2024-01-01 07:55:00,0
W012,receive,D,91.0,0,77.0,0,2024-01-01 07:56:00,0
W009,pick,D,8.0,0,142.0,0,2024-01-01 07:57:00,0
W007,pick,C,59.0,0,77.0,0,2024-01-01 07:58:00,0
W014,pack,B,305.0,0,101.0,0,2024-01-01 07:59:00,0
W020,pick,A,60.0,0,109.0,0,2024-01-01 08:00:00,0
W019,ship,B,307.0,0,124.0,0,2024-01-01 08:01:00,0
W015,pick,C,137.0,0,159.0,0,2024-01-01 08:02:00,0
W016,pack,D,381.0,0,86.0,0,2024-01-01 08:03:00,0
W005,receive,B,154.0,0,134.0,0,2024-01-01 08:04:00,0
W003,pack,A,5.0,0,159.0,0,2024-01-01 08:05:00,0
W012,pack,C,203.0,0,105.0,0,2024-01-01 08:06:00,0
W020,receive,B,8.0,0,83.0,0,2024-01-01 08:07:00,0
W004,pack,A,108.0,0,48.0,0,2024-01-01 08:08:00,0
W016,pack,C,477.0,0,156.0,1,2024-01-01 08:09:00,0
W007,pick,A,33.0,0,93.0,0,2024-01-01 08:10:00,0
W013,pick,C,89.0,0,70.0,0,2024-01-01 08:11:00,0
W010,receive,D,236.0,0,59.0,0,2024-01-01 08:12:00,0
W007,pick,B,385.0,0,70.0,0,2024-01-01 08:13:00,0
W014,pick,A,200.0,0,128.0,1,2024-01-01 08:14:00,0
W005,pack,C,54.0,0,132.0,0,2024-01-01 08:15:00,0
W003,ship,A,202.0,0,120.0,2,2024-01-01 08:16:00,0
W011,pick,A,63.0,0,104.0,0,2024-01-01 08:17:00,0
W011,ship,B,228.0,0,63.0,0,2024-01-01 08:18:00,0
W018,pick,D,554.0,0,78.0,0,2024-01-01 08:19:00,0
W015,pick,A,230.0,0,67.0,0,2024-01-01 08:20:00,0
W012,receive,C,358.0,0,117.0,0,2024-01-01 08:21:00,0
W009,receive,C,0.0,0,68.0,0,2024-01-01 08:22:00,0
W010,receive,D,228.0,0,79.0,0,2024-01-01 08:23:00,0
W012,ship,C,319.0,0,94.0,0,2024-01-01 08:24:00,0
W017,pack,D,7.0,0,50.0,0,2024-01-01 08:25:00,0
W006,pick,C,369.0,0,101.0,0,2024-01-01 08:26:00,0
W007,pick,B,53.0,0,97.0,0,2024-01-01 08:27:00,0
W014,pick,A,197.0,0,136.0,0,2024-01-01 08:28:00,0
W013,ship,B,290.0,0,75.0,0,2024-01-01 08:29:00,0
W008,receive,A,196.0,0,61.0,0,2024-01-01 08:30:00,0
W010,pack,A,17.0,0,89.0,0,2024-01-01 08:31:00,0
W009,ship,A,163.0,0,67.0,0,2024-01-01 08:32:00,0
W018,receive,B,144.0,0,101.0,0,2024-01-01 08:33:00,0
W002,ship,A,415.0,0,44.0,0,2024-01-01 08:34:00,0
W005,pack,B,93.0,0,82.0,0,2024-01-01 08:35:00,0
W005,receive,D,70.0,0,72.0,0,2024-01-01 08:36:00,0
W006,ship,C,249.0,0,117.0,0,2024-01-01 08:37:00,0
W019,pack,C,96.0,0,76.0,0,2024-01-01 08:38:00,0
W008,pick,A,187.0,0,48.0,0,2024-01-01 08:39:00,0
W016,pack,B,187.0,0,94.0,1,2024-01-01 08:40:00,0
W013,pick,C,394.0,0,110.0,0,2024-01-01 08:41:00,0
W001,ship,B,164.0,0,92.0,0,2024-01-01 08:42:00,0
W020,receive,B,126.0,0,82.0,0,2024-01-01 08:43:00,0
W017,receive,A,27.0,0,80.0,1,2024-01-01 08:44:00,0
W007,ship,C,22.0,0,103.0,0,2024-01-01 08:45:00,0
W013,receive,A,30.0,0,73.0,0,2024-01-01 08:46:00,0
W004,receive,A,34.0,0,90.0,0,2024-01-01 08:47:00,0
W004,pick,C,183.0,0,123.0,0,2024-01-01 08:48:00,0
W006,ship,C,243.0,0,61.0,0,2024-01-01 08:49:00,0
W019,pack,D,136.0,0,99.0,0,2024-01-01 08:50:00,0
W012,pick,D,318.0,0,46.0,0,2024-01-01 08:51:00,0
W007,ship,B,853.0,0,107.0,1,2024-01-01 08:52:00,0
W010,pick,C,309.0,0,71.0,0,2024-01-01 08:53:00,0
W019,pack,D,214.0,0,131.0,0,2024-01-01 08:54:00,0
W007,pack,B,137.0,0,56.0,0,2024-01-01 08:55:00,0
W003,ship,B,107.0,0,113.0,0,2024-01-01 08:56:00,0
W013,pack,B,16.0,0,137.0,0,2024-01-01 08:57:00,0
W013,pick,D,92.0,0,69.0,0,2024-01-01 08:58:00,0
W018,pack,C,434.0,0,74.0,0,2024-01-01 08:59:00,0
W020,pick,A,297.0,0,72.0,0,2024-01-01 09:00:00,0
W008,pick,B,44.0,0,85.0,0,2024-01-01 09:01:00,0
W009,pack,D,113.0,0,116.0,1,2024-01-01 09:02:00,0
W007,ship,D,305.0,0,83.0,0,2024-01-01 09:03:00,0
W001,receive,A,13.0,0,66.0,0,2024-01-01 09:04:00,0
W003,pack,A,88.0,0,39.0,1,2024-01-01 09:05:00,0
W013,pick,D,344.0,0,148.0,0,2024-01-01 09:06:00,0
W017,pick,C,93.0,0,150.0,0,2024-01-01 09:07:00,0
W001,pack,A,15.0,0,117.0,0,2024-01-01 09:08:00,0
W006,ship,D,141.0,0,76.0,0,2024-01-01 09:09:00,0
W006,ship,A,356.0,1,122.0,0,2024-01-01 09:10:00,0
W012,pick,C,161.0,0,128.0,0,2024-01-01 09:11:00,0
W013,pick,B,46.0,0,92.0,1,2024-01-01 09:12:00,0
W013,ship,A,87.0,0,101.0,0,2024-01-01 09:13:00,0
W015,receive,C,108.0,0,137.0,0,2024-01-01 09:14:00,0
W016,pack,D,156.0,0,51.0,0,2024-01-01 09:15:00,0
W011,pick,A,256.0,0,130.0,0,2024-01-01 09:16:00,0
W005,pick,A,19.0,0,91.0,0,2024-01-01 09:17:00,0
W004,ship,D,397.0,0,67.0,0,2024-01-01 09:18:00,0
W003,pack,B,2.0,0,69.0,0,2024-01-01 09:19:00,0
W019,ship,D,83.0,0,74.0,0,2024-01-01 09:20:00,0
W020,pack,A,5.0,0,64.0,0,2024-01-01 09:21:00,0
W018,pack,D,90.0,0,153.0,0,2024-01-01 09:22:00,0
W015,pack,C,670.0,1,345.0,0,2024-01-01 09:23:00,1
W009,pick,D,129.0,0,132.0,0,2024-01-01 09:24:00,0
W017,receive,A,33.0,0,117.0,0,2024-01-01 09:25:00,0
W014,ship,D,187.0,0,102.0,0,2024-01-01 09:26:00,0
W015,receive,B,8.0,0,102.0,0,2024-01-01 09:27:00,0
W001,ship,D,258.0,0,88.0,0,2024-01-01 09:28:00,0
W003,pack,B,528.0,0,91.0,0,2024-01-01 09:29:00,0
W016,pick,C,75.0,0,58.0,0,2024-01-01 09:30:00,0
W011,receive,B,131.0,0,132.0,0,2024-01-01 09:31:00,0
W012,pick,D,86.0,0,46.0,0,2024-01-01 09:32:00,0
W010,ship,A,1.0,0,68.0,0,2024-01-01 09:33:00,0
W016,pick,B,88.0,0,160.0,0,2024-01-01 09:34:00,0
W008,pick,C,282.0,0,104.0,0,2024-01-01 09:35:00,0
W006,receive,B,163.0,0,105.0,0,2024-01-01 09:36:00,0
W012,pack,B,19.0,0,119.0,0,2024-01-01 09:37:00,0
W008,pick,B,338.0,0,54.0,0,2024-01-01 09:38:00,0
W004,pack,C,136.0,0,58.0,0,2024-01-01 09:39:00,0
W008,ship,D,332.0,0,87.0,0,2024-01-01 09:40:00,0
W018,pick,B,156.0,0,73.0,0,2024-01-01 09:41:00,0
W005,receive,B,148.0,0,98.0,0,2024-01-01 09:42:00,0
W009,ship,A,20.0,0,115.0,0,2024-01-01 09:43:00,0
W004,ship,C,33.0,0,142.0,0,2024-01-01 09:44:00,0
W017,receive,B,644.0,0,124.0,0,2024-01-01 09:45:00,0
W009,pick,C,47.0,0,70.0,0,2024-01-01 09:46:00,0
W001,pick,B,683.0,0,89.0,0,2024-01-01 09:47:00,0
W020,ship,D,137.0,0,81.0,0,2024-01-01 09:48:00,0
W013,pick,D,26.0,0,70.0,0,2024-01-01 09:49:00,0
W016,pack,B,19.0,0,63.0,0,2024-01-01 09:50:00,0
W013,receive,D,42.0,0,150.0,0,2024-01-01 09:51:00,0
W014,pack,B,468.0,0,100.0,0,2024-01-01 09:52:00,0
W003,pick,D,96.0,0,93.0,0,2024-01-01 09:53:00,0
W006,ship,A,91.0,0,115.0,0,2024-01-01 09:54:00,0
W018,receive,A,68.0,0,116.0,0,2024-01-01 09:55:00,0
W019,pick,A,29.0,0,134.0,0,2024-01-01 09:56:00,0
W005,pick,C,120.0,0,78.0,0,2024-01-01 09:57:00,0
W015,ship,C,25.0,0,112.0,0,2024-01-01 09:58:00,0
W002,ship,A,325.0,0,73.0,0,2024-01-01 09:59:00,0
W010,pack,C,83.0,0,94.0,0,2024-01-01 10:00:00,0
W018,receive,D,85.0,0,102.0,0,2024-01-01 10:01:00,0
W013,receive,B,116.0,0,105.0,0,2024-01-01 10:02:00,0
W005,ship,B,106.0,0,103.0,0,2024-01-01 10:03:00,0
W001,pack,B,949.0,0,124.0,0,2024-01-01 10:04:00,0
W001,receive,A,142.0,0,82.0,0,2024-01-01 10:05:00,0
W018,ship,C,17.0,0,105.0,1,2024-01-01 10:06:00,0
W015,pick,D,168.0,0,77.0,0,2024-01-01 10:07:00,0
W017,receive,D,30.0,0,188.0,0,2024-01-01 10:08:00,0
W011,pack,A,6.0,0,73.0,0,2024-01-01 10:09:00,0
W017,pack,D,636.0,0,79.0,0,2024-01-01 10:10:00,0
W013,pack,D,267.0,0,126.0,0,2024-01-01 10:11:00,0
W001,pick,D,705.0,0,87.0,0,2024-01-01 10:12:00,0
W002,receive,D,117.0,0,126.0,0,2024-01-01 10:13:00,0
W009,receive,C,137.0,0,105.0,0,2024-01-01 10:14:00,0
W003,pick,D,33.0,0,88.0,0,2024-01-01 10:15:00,0
W001,receive,B,51.0,0,77.0,0,2024-01-01 10:16:00,0
W016,pick,A,328.0,0,76.0,0,2024-01-01 10:17:00,0
W006,pick,C,79.0,0,88.0,0,2024-01-01 10:18:00,0
W017,pick,D,316.0,0,95.0,0,2024-01-01 10:19:00,0
W005,pack,C,222.0,0,75.0,0,2024-01-01 10:20:00,0
W005,receive,D,175.0,1,291.0,0,2024-01-01 10:21:00,1
W006,pick,B,127.0,0,67.0,2,2024-01-01 10:22:00,0
W003,receive,A,204.0,0,123.0,0,2024-01-01 10:23:00,0
W005,pack,D,48.0,0,128.0,0,2024-01-01 10:24:00,0
W005,pick,D,320.0,0,79.0,0,2024-01-01 10:25:00,0
W010,ship,D,142.0,0,77.0,1,2024-01-01 10:26:00,0
W010,pack,D,33.0,0,105.0,0,2024-01-01 10:27:00,0
W019,ship,A,157.0,0,138.0,0,2024-01-01 10:28:00,0
W017,receive,A,1469.0,0,145.0,0,2024-01-01 10:29:00,0
W014,receive,B,29.0,0,58.0,0,2024-01-01 10:30:00,0
W009,pack,A,305.0,0,130.0,0,2024-01-01 10:31:00,0
W014,receive,D,42.0,0,98.0,0,2024-01-01 10:32:00,0
W001,ship,B,275.0,0,99.0,0,2024-01-01 10:33:00,0
W019,pick,B,239.0,0,115.0,0,2024-01-01 10:34:00,0
W013,pick,B,64.0,0,86.0,0,2024-01-01 10:35:00,0
W013,pick,D,71.0,0,133.0,1,2024-01-01 10:36:00,0
W004,pack,C,283.0,0,143.0,0,2024-01-01 10:37:00,0
W001,receive,D,111.0,0,144.0,0,2024-01-01 10:38:00,0
W017,ship,A,236.0,0,45.0,0,2024-01-01 10:39:00,0
W008,receive,A,29.0,0,93.0,0,2024-01-01 10:40:00,0
W002,receive,D,345.0,0,42.0,0,2024-01-01 10:41:00,0
W008,receive,D,223.0,0,77.0,0,2024-01-01 10:42:00,0
W007,pick,B,427.0,0,28.0,0,2024-01-01 10:43:00,0
W002,ship,D,26.0,0,114.0,0,2024-01-01 10:44:00,0
W003,ship,B,162.0,0,107.0,0,2024-01-01 10:45:00,0
W018,receive,A,165.0,0,87.0,0,2024-01-01 10:46:00,0
W012,pick,B,79.0,0,76.0,0,2024-01-01 10:47:00,0
W001,pick,D,110.0,0,109.0,0,2024-01-01 10:48:00,0
W012,ship,A,7.0,0,70.0,1,2024-01-01 10:49:00,0
W005,pick,C,247.0,0,68.0,0,2024-01-01 10:50:00,0
W017,pick,B,715.0,1,192.0,0,2024-01-01 10:51:00,1
W016,pick,A,11.0,0,94.0,0,2024-01-01 10:52:00,0
W015,pack,B,206.0,0,83.0,0,2024-01-01 10:53:00,0
W015,receive,A,113.0,0,88.0,0,2024-01-01 10:54:00,0
W005,ship,A,6.0,0,116.0,0,2024-01-01 10:55:00,0
W014,ship,B,629.0,0,129.0,0,2024-01-01 10:56:00,0
W002,pack,C,536.0,0,144.0,0,2024-01-01 10:57:00,0
W011,receive,A,129.0,0,102.0,0,2024-01-01 10:58:00,0
W019,ship,A,90.0,1,330.0,0,2024-01-01 10:59:00,1
W007,pick,A,253.0,0,106.0,0,2024-01-01 11:00:00,0
W006,ship,C,610.0,1,150.0,1,2024-01-01 11:01:00,1
W002,pick,C,65.0,0,89.0,0,2024-01-01 11:02:00,0
W006,pack,D,122.0,0,89.0,0,2024-01-01 11:03:00,0
W018,pick,B,133.0,0,85.0,0,2024-01-01 11:04:00,0
W002,ship,C,745.0,1,297.0,0,2024-01-01 11:05:00,1
W018,ship,B,105.0,0,93.0,0,2024-01-01 11:06:00,0
W015,ship,D,168.0,0,70.0,0,2024-01-01 11:07:00,0
W019,pack,B,452.0,0,95.0,0,2024-01-01 11:08:00,0
W002,pack,C,81.0,0,81.0,0,2024-01-01 11:09:00,0
W020,receive,B,233.0,0,21.0,0,2024-01-01 11:10:00,0
W006,ship,C,405.0,0,58.0,0,2024-01-01 11:11:00,0
W001,pick,B,110.0,0,103.0,0,2024-01-01 11:12:00,0
W015,pack,C,105.0,0,133.0,0,2024-01-01 11:13:00,0
W010,ship,C,166.0,0,27.0,0,2024-01-01 11:14:00,0
W019,ship,B,161.0,0,74.0,0,2024-01-01 11:15:00,0
W017,pack,D,296.0,0,113.0,1,2024-01-01 11:16:00,0
W005,receive,A,116.0,0,126.0,0,2024-01-01 11:17:00,0
W004,pack,D,999.0,0,87.0,0,2024-01-01 11:18:00,0
W010,pack,B,11.0,0,80.0,0,2024-01-01 11:19:00,0
W017,pick,D,1.0,0,137.0,0,2024-01-01 11:20:00,0
W010,pick,C,184.0,0,124.0,0,2024-01-01 11:21:00,0
W017,receive,A,64.0,0,126.0,0,2024-01-01 11:22:00,0
W020,ship,B,245.0,1,258.0,0,2024-01-01 11:23:00,1
W005,pack,B,67.0,0,133.0,0,2024-01-01 11:24:00,0
W002,receive,B,53.0,0,42.0,0,2024-01-01 11:25:00,0
W006,pick,A,6.0,0,134.0,1,2024-01-01 11:26:00,0
W002,pack,C,641.0,0,98.0,0,2024-01-01 11:27:00,0
W013,ship,B,45.0,0,104.0,0,2024-01-01 11:28:00,0
W011,pick,D,238.0,0,72.0,0,2024-01-01 11:29:00,0
W011,pick,B,259.0,0,46.0,0,2024-01-01 11:30:00,0
W016,pick,B,477.0,0,103.0,0,2024-01-01 11:31:00,0
W011,receive,B,6.0,0,117.0,1,2024-01-01 11:32:00,0
W019,ship,B,370.0,0,121.0,0,2024-01-01 11:33:00,0
W015,pack,C,135.0,0,118.0,0,2024-01-01 11:34:00,0
W016,receive,D,180.0,0,111.0,0,2024-01-01 11:35:00,0
W011,receive,C,186.0,0,72.0,0,2024-01-01 11:36:00,0
W016,receive,D,308.0,0,123.0,0,2024-01-01 11:37:00,0
W008,pick,B,73.0,0,69.0,0,2024-01-01 11:38:00,0
W004,ship,A,238.0,0,133.0,0,2024-01-01 11:39:00,0
W008,receive,C,135.0,1,97.0,0,2024-01-01 11:40:00,0
W004,pack,A,284.0,0,98.0,1,2024-01-01 11:41:00,0
W003,ship,C,4195.0,1,378.0,0,2024-01-01 11:42:00,1
W003,pack,B,40.0,0,130.0,0,2024-01-01 11:43:00,0
W018,ship,C,941.0,0,123.0,0,2024-01-01 11:44:00,0
W019,pack,B,17.0,0,75.0,0,2024-01-01 11:45:00,0
W019,pick,C,0.0,0,123.0,0,2024-01-01 11:46:00,0
W005,receive,B,8.0,0,76.0,0,2024-01-01 11:47:00,0
W018,pack,B,75.0,0,124.0,0,2024-01-01 11:48:00,0
W010,ship,D,180.0,0,57.0,0,2024-01-01 11:49:00,0
W006,receive,B,13.0,0,97.0,0,2024-01-01 11:50:00,0
W001,receive,D,1.0,0,75.0,0,2024-01-01 11:51:00,0
W005,ship,B,498.0,0,126.0,0,2024-01-01 11:52:00,0
W009,pack,A,311.0,0,133.0,0,2024-01-01 11:53:00,0
W012,pick,B,298.0,0,106.0,1,2024-01-01 11:54:00,0
W014,pick,A,388.0,0,105.0,0,2024-01-01 11:55:00,0
W002,pack,A,217.0,0,121.0,0,2024-01-01 11:56:00,0
W017,receive,B,20.0,0,134.0,0,2024-01-01 11:57:00,0
W014,receive,A,92.0,1,101.0,0,2024-01-01 11:58:00,0
W013,receive,D,231.0,0,85.0,0,2024-01-01 11:59:00,0
W009,receive,C,59.0,0,119.0,0,2024-01-01 12:00:00,0
W015,pack,B,209.0,0,44.0,0,2024-01-01 12:01:00,0
W015,receive,A,4.0,0,127.0,0,2024-01-01 12:02:00,0
W011,ship,B,66.0,0,79.0,0,2024-01-01 12:03:00,0
W016,receive,D,143.0,0,93.0,0,2024-01-01 12:04:00,0
W017,pick,B,180.0,0,127.0,0,2024-01-01 12:05:00,0
W004,receive,B,155.0,0,88.0,0,2024-01-01 12:06:00,0
W001,pack,A,215.0,0,119.0,0,2024-01-01 12:07:00,0
W008,pick,D,1.0,0,134.0,0,2024-01-01 12:08:00,0
W017,pack,C,19.0,0,103.0,0,2024-01-01 12:09:00,0
W003,pack,C,366.0,0,109.0,0,2024-01-01 12:10:00,0
W020,pick,A,206.0,0,96.0,1,2024-01-01 12:11:00,0
W015,pack,B,22.0,0,103.0,0,2024-01-01 12:12:00,0
W015,pack,A,332.0,1,67.0,0,2024-01-01 12:13:00,0
W014,receive,A,50.0,0,91.0,0,2024-01-01 12:14:00,0
W014,ship,A,117.0,0,61.0,1,2024-01-01 12:15:00,0
W002,pack,B,28.0,0,73.0,0,2024-01-01 12:16:00,0
W013,pack,D,223.0,0,40.0,0,2024-01-01 12:17:00,0
W014,pack,A,198.0,0,108.0,0,2024-01-01 12:18:00,0
W019,receive,B,43.0,0,151.0,0,2024-01-01 12:19:00,0
W007,ship,D,358.0,0,86.0,0,2024-01-01 12:20:00,0
W003,pick,A,92.0,1,129.0,1,2024-01-01 12:21:00,0
W015,receive,C,62.0,0,134.0,0,2024-01-01 12:22:00,0
W014,receive,D,30.0,0,64.0,0,2024-01-01 12:23:00,0
W011,ship,A,56.0,0,70.0,0,2024-01-01 12:24:00,0
W015,ship,D,4.0,0,130.0,0,2024-01-01 12:25:00,0
W013,receive,D,790.0,1,291.0,0,2024-01-01 12:26:00,1
W018,pick,D,332.0,0,61.0,0,2024-01-01 12:27:00,0
W006,receive,D,143.0,0,81.0,0,2024-01-01 12:28:00,0
W003,ship,D,45.0,0,113.0,0,2024-01-01 12:29:00,0
W019,pick,D,6.0,0,76.0,0,2024-01-01 12:30:00,0
W015,ship,A,43.0,0,17.0,2,2024-01-01 12:31:00,0
W005,pick,C,97.0,0,90.0,0,2024-01-01 12:32:00,0
W010,pack,B,257.0,0,93.0,1,2024-01-01 12:33:00,0
W007,ship,D,37.0,0,100.0,0,2024-01-01 12:34:00,0
W017,ship,B,229.0,0,138.0,0,2024-01-01 12:35:00,0
W007,receive,A,363.0,0,102.0,0,2024-01-01 12:36:00,0
W012,ship,D,109.0,0,107.0,0,2024-01-01 12:37:00,0
W017,ship,C,310.0,0,132.0,0,2024-01-01 12:38:00,0
W013,pack,B,146.0,0,100.0,0,2024-01-01 12:39:00,0
W020,ship,D,182.0,0,164.0,0,2024-01-01 12:40:00,0
W004,pack,A,134.0,0,62.0,1,2024-01-01 12:41:00,0
W010,pack,C,112.0,0,72.0,0,2024-01-01 12:42:00,0
W003,pack,B,48.0,0,118.0,0,2024-01-01 12:43:00,0
W009,pack,B,65.0,0,138.0,0,2024-01-01 12:44:00,0
W013,pick,D,62.0,0,94.0,0,2024-01-01 12:45:00,0
W018,receive,C,149.0,0,70.0,1,2024-01-01 12:46:00,0
W015,pick,C,23.0,0,153.0,0,2024-01-01 12:47:00,0
W004,ship,C,448.0,0,76.0,0,2024-01-01 12:48:00,0
W015,pick,C,230.0,0,110.0,0,2024-01-01 12:49:00,0
W002,pick,A,92.0,0,139.0,0,2024-01-01 12:50:00,0
W015,ship,C,31.0,0,87.0,1,2024-01-01 12:51:00,0
W008,ship,B,385.0,0,81.0,0,2024-01-01 12:52:00,0
W008,ship,B,312.0,0,83.0,1,2024-01-01 12:53:00,0
W017,pick,A,230.0,0,127.0,0,2024-01-01 12:54:00,0
W012,pick,B,57.0,0,132.0,0,2024-01-01 12:55:00,0
W019,ship,B,93.0,0,101.0,0,2024-01-01 12:56:00,0
W010,receive,C,20.0,0,156.0,0,2024-01-01 12:57:00,0
W009,receive,B,38.0,0,101.0,0,2024-01-01 12:58:00,0
W005,pack,A,275.0,0,139.0,0,2024-01-01 12:59:00,0
W006,ship,C,226.0,0,87.0,0,2024-01-01 13:00:00,0
W020,pack,D,162.0,0,170.0,0,2024-01-01 13:01:00,0
W002,receive,C,407.0,0,147.0,0,2024-01-01 13:02:00,0
W013,pack,A,158.0,0,96.0,0,2024-01-01 13:03:00,0
W006,ship,C,113.0,0,143.0,0,2024-01-01 13:04:00,0
W005,ship,C,75.0,0,142.0,0,2024-01-01 13:05:00,0
W001,ship,A,508.0,0,147.0,0,2024-01-01 13:06:00,0
W006,pick,C,16.0,0,26.0,0,2024-01-01 13:07:00,0
W006,pack,A,481.0,0,122.0,0,2024-01-01 13:08:00,0
W016,receive,A,316.0,0,116.0,0,2024-01-01 13:09:00,0
W004,receive,D,25.0,0,114.0,0,2024-01-01 13:10:00,0
W011,receive,B,150.0,0,107.0,0,2024-01-01 13:11:00,0
W009,pick,B,363.0,0,107.0,0,2024-01-01 13:12:00,0
W003,pick,C,153.0,1,138.0,0,2024-01-01 13:13:00,0
W019,ship,C,428.0,0,116.0,1,2024-01-01 13:14:00,0
W008,receive,D,516.0,0,107.0,1,2024-01-01 13:15:00,0
W005,pick,D,99.0,0,134.0,0,2024-01-01 13:16:00,0
W004,ship,D,85.0,0,113.0,0,2024-01-01 13:17:00,0
W006,receive,A,496.0,0,115.0,1,2024-01-01 13:18:00,0
W002,pack,D,202.0,0,156.0,0,2024-01-01 13:19:00,0
W020,ship,D,22.0,0,87.0,1,2024-01-01 13:20:00,0
W011,pick,C,8.0,0,55.0,0,2024-01-01 13:21:00,0
W004,pick,D,150.0,0,102.0,0,2024-01-01 13:22:00,0
W015,ship,A,479.0,0,106.0,0,2024-01-01 13:23:00,0
W006,ship,A,335.0,0,122.0,0,2024-01-01 13:24:00,0
W017,pick,C,203.0,0,103.0,0,2024-01-01 13:25:00,0
W006,pack,D,27.0,0,123.0,0,2024-01-01 13:26:00,0
W019,receive,D,53.0,0,175.0,0,2024-01-01 13:27:00,0
W002,pack,A,375.0,0,124.0,1,2024-01-01 13:28:00,0
W015,ship,D,36.0,0,129.0,0,2024-01-01 13:29:00,0
W011,pack,D,59.0,0,96.0,0,2024-01-01 13:30:00,0
W008,pick,D,25.0,0,58.0,0,2024-01-01 13:31:00,0
W019,ship,B,203.0,0,31.0,0,2024-01-01 13:32:00,0
W013,receive,C,519.0,0,84.0,0,2024-01-01 13:33:00,0
W012,pick,B,56.0,0,23.0,0,2024-01-01 13:34:00,0
W005,pick,C,116.0,0,115.0,0,2024-01-01 13:35:00,0
W006,receive,A,181.0,0,89.0,0,2024-01-01 13:36:00,0
W004,receive,D,1356.0,0,61.0,0,2024-01-01 13:37:00,0
W019,pack,C,20.0,0,104.0,0,2024-01-01 13:38:00,0
W020,ship,B,124.0,0,78.0,0,2024-01-01 13:39:00,0
W001,receive,D,88.0,0,114.0,0,2024-01-01 13:40:00,0
W020,receive,A,362.0,0,121.0,0,2024-01-01 13:41:00,0
W017,ship,C,116.0,0,79.0,0,2024-01-01 13:42:00,0
W012,receive,C,21.0,0,93.0,0,2024-01-01 13:43:00,0
W015,receive,C,181.0,0,106.0,0,2024-01-01 13:44:00,0
W001,pack,D,265.0,0,58.0,0,2024-01-01 13:45:00,0
W014,pick,B,1.0,0,106.0,0,2024-01-01 13:46:00,0
W006,pick,B,353.0,0,57.0,0,2024-01-01 13:47:00,0
W005,pick,C,37.0,0,117.0,0,2024-01-01 13:48:00,0
W011,pick,A,145.0,0,87.0,1,2024-01-01 13:49:00,0
W004,receive,A,97.0,0,57.0,0,2024-01-01 13:50:00,0
W013,ship,B,229.0,0,83.0,0,2024-01-01 13:51:00,0
W011,ship,A,83.0,0,84.0,0,2024-01-01 13:52:00,0
W003,pack,B,367.0,0,132.0,0,2024-01-01 13:53:00,0
W001,pack,C,236.0,0,105.0,0,2024-01-01 13:54:00,0
W006,receive,B,188.0,0,71.0,0,2024-01-01 13:55:00,0
W018,ship,B,286.0,0,149.0,0,2024-01-01 13:56:00,0
W010,ship,C,252.0,0,119.0,0,2024-01-01 13:57:00,0
W005,pick,A,7.0,0,90.0,1,2024-01-01 13:58:00,0
W010,receive,B,90.0,0,53.0,0,2024-01-01 13:59:00,0
W012,receive,B,481.0,1,87.0,0,2024-01-01 14:00:00,0
W002,pick,C,24.0,0,93.0,0,2024-01-01 14:01:00,0
W013,receive,A,240.0,0,111.0,0,2024-01-01 14:02:00,0
W008,receive,B,661.0,0,118.0,0,2024-01-01 14:03:00,0
W002,pack,C,10.0,0,124.0,0,2024-01-01 14:04:00,0
W020,ship,B,206.0,0,52.0,1,2024-01-01 14:05:00,0
W001,receive,D,114.0,0,106.0,0,2024-01-01 14:06:00,0
W005,pack,C,156.0,0,95.0,0,2024-01-01 14:07:00,0
W009,ship,A,16.0,0,180.0,0,2024-01-01 14:08:00,0
W017,pick,A,8.0,0,102.0,0,2024-01-01 14:09:00,0
W009,pack,A,198.0,0,81.0,0,2024-01-01 14:10:00,0
W011,pack,A,312.0,0,103.0,0,2024-01-01 14:11:00,0
W015,ship,B,1370.0,1,300.0,0,2024-01-01 14:12:00,1
W006,pick,B,141.0,0,40.0,0,2024-01-01 14:13:00,0
W003,pack,A,19.0,0,112.0,0,2024-01-01 14:14:00,0
W017,receive,A,210.0,0,91.0,0,2024-01-01 14:15:00,0
W005,receive,A,50.0,0,99.0,0,2024-01-01 14:16:00,0
W012,receive,B,436.0,0,74.0,0,2024-01-01 14:17:00,0
W018,pick,A,328.0,0,67.0,0,2024-01-01 14:18:00,0
W014,pack,A,222.0,0,126.0,0,2024-01-01 14:19:00,0
W011,receive,D,535.0,0,133.0,0,2024-01-01 14:20:00,0
W009,pick,D,6.0,0,113.0,0,2024-01-01 14:21:00,0
W002,receive,A,240.0,0,46.0,0,2024-01-01 14:22:00,0
W012,ship,C,72.0,0,114.0,0,2024-01-01 14:23:00,0
W003,pack,A,426.0,0,46.0,0,2024-01-01 14:24:00,0
W003,pack,D,56.0,0,80.0,0,2024-01-01 14:25:00,0
W001,pick,C,232.0,0,126.0,0,2024-01-01 14:26:00,0
W008,pick,C,378.0,0,120.0,0,2024-01-01 14:27:00,0
W008,pack,A,8.0,0,114.0,0,2024-01-01 14:28:00,0
W011,receive,D,91.0,0,139.0,0,2024-01-01 14:29:00,0
W009,receive,D,259.0,0,117.0,0,2024-01-01 14:30:00,0
W005,ship,C,109.0,0,39.0,0,2024-01-01 14:31:00,0
W014,receive,A,56.0,0,89.0,0,2024-01-01 14:32:00,0
W003,pick,B,45.0,0,99.0,0,2024-01-01 14:33:00,0
W005,pick,B,25.0,0,95.0,0,2024-01-01 14:34:00,0
W005,receive,D,350.0,0,81.0,1,2024-01-01 14:35:00,0
W019,pick,B,154.0,0,69.0,1,2024-01-01 14:36:00,0
W014,pack,D,14.0,0,172.0,0,2024-01-01 14:37:00,0
W004,pack,D,87.0,0,88.0,0,2024-01-01 14:38:00,0
W013,receive,D,83.0,0,171.0,0,2024-01-01 14:39:00,0
W010,pack,B,36.0,0,66.0,1,2024-01-01 14:40:00,0
W018,pack,D,103.0,0,120.0,0,2024-01-01 14:41:00,0
W008,ship,C,73.0,0,107.0,0,2024-01-01 14:42:00,0
W008,ship,A,75.0,0,72.0,0,2024-01-01 14:43:00,0
W007,pack,A,242.0,0,86.0,0,2024-01-01 14:44:00,0
W008,receive,D,45.0,0,100.0,0,2024-01-01 14:45:00,0
W014,ship,A,185.0,0,75.0,0,2024-01-01 14:46:00,0
W019,pick,B,760.0,1,276.0,0,2024-01-01 14:47:00,1
W006,pick,B,151.0,0,29.0,0,2024-01-01 14:48:00,0
W001,pick,A,196.0,0,121.0,0,2024-01-01 14:49:00,0
W015,receive,B,143.0,0,137.0,0,2024-01-01 14:50:00,0
W001,pack,A,381.0,0,114.0,0,2024-01-01 14:51:00,0
W017,pick,A,203.0,0,168.0,0,2024-01-01 14:52:00,0
W001,receive,A,143.0,0,120.0,0,2024-01-01 14:53:00,0
W015,ship,D,1595.0,1,402.0,0,2024-01-01 14:54:00,1
W002,pack,A,168.0,0,137.0,0,2024-01-01 14:55:00,0
W014,ship,D,62.0,1,17.0,0,2024-01-01 14:56:00,0
W008,receive,A,42.0,0,113.0,0,2024-01-01 14:57:00,0
W008,pick,A,30.0,0,59.0,0,2024-01-01 14:58:00,0
W019,pick,A,413.0,0,65.0,0,2024-01-01 14:59:00,0
W007,receive,B,223.0,0,70.0,0,2024-01-01 15:00:00,0
W019,pick,D,499.0,0,91.0,0,2024-01-01 15:01:00,0
W006,pack,D,166.0,0,120.0,0,2024-01-01 15:02:00,0
W006,receive,A,115.0,0,113.0,0,2024-01-01 15:03:00,0
W003,ship,A,11.0,0,100.0,1,2024-01-01 15:04:00,0
W007,receive,B,200.0,0,122.0,0,2024-01-01 15:05:00,0
W019,pack,B,157.0,0,124.0,0,2024-01-01 15:06:00,0
W008,pack,B,833.0,0,113.0,0,2024-01-01 15:07:00,0
W010,receive,D,49.0,0,48.0,0,2024-01-01 15:08:00,0
W020,receive,D,136.0,0,78.0,0,2024-01-01 15:09:00,0
W015,pick,D,189.0,0,101.0,0,2024-01-01 15:10:00,0
W015,pack,A,186.0,0,122.0,0,2024-01-01 15:11:00,0
W001,receive,D,148.0,0,60.0,0,2024-01-01 15:12:00,0
W020,receive,C,270.0,0,100.0,0,2024-01-01 15:13:00,0
W007,pack,C,41.0,0,53.0,0,2024-01-01 15:14:00,0
W004,receive,B,233.0,0,131.0,0,2024-01-01 15:15:00,0
W006,pick,D,174.0,0,107.0,0,2024-01-01 15:16:00,0
W001,pack,C,408.0,0,60.0,0,2024-01-01 15:17:00,0
W005,pick,B,338.0,0,59.0,0,2024-01-01 15:18:00,0
W001,pick,D,68.0,0,112.0,0,2024-01-01 15:19:00,0
W004,pick,A,58.0,0,141.0,0,2024-01-01 15:20:00,0
W002,pick,C,720.0,0,67.0,0,2024-01-01 15:21:00,0
W010,pack,A,135.0,0,124.0,0,2024-01-01 15:22:00,0
W005,pick,D,426.0,0,84.0,0,2024-01-01 15:23:00,0
W010,pick,C,32.0,0,125.0,1,2024-01-01 15:24:00,0
W001,receive,D,185.0,0,120.0,0,2024-01-01 15:25:00,0
W006,pack,A,299.0,0,105.0,0,2024-01-01 15:26:00,0
W013,pack,C,530.0,0,45.0,0,2024-01-01 15:27:00,0
W015,ship,A,74.0,0,120.0,0,2024-01-01 15:28:00,0
W004,pack,D,232.0,0,115.0,0,2024-01-01 15:29:00,0
W013,pack,D,139.0,0,112.0,0,2024-01-01 15:30:00,0
W020,ship,A,11.0,0,106.0,0,2024-01-01 15:31:00,0
W015,pack,C,211.0,0,74.0,0,2024-01-01 15:32:00,0
W008,pack,A,211.0,0,132.0,0,2024-01-01 15:33:00,0
W005,pack,D,480.0,0,127.0,0,2024-01-01 15:34:00,0
W015,pack,A,124.0,0,68.0,0,2024-01-01 15:35:00,0
W004,ship,D,235.0,1,417.0,0,2024-01-01 15:36:00,1
W012,pack,A,8.0,0,104.0,0,2024-01-01 15:37:00,0
W013,pack,C,97.0,0,104.0,0,2024-01-01 15:38:00,0
W002,ship,C,65.0,0,95.0,0,2024-01-01 15:39:00,0
W019,receive,A,258.0,0,98.0,0,2024-01-01 15:40:00,0
W019,pick,A,79.0,0,141.0,0,2024-01-01 15:41:00,0
W004,receive,C,536.0,0,131.0,0,2024-01-01 15:42:00,0
W004,ship,D,590.0,0,130.0,0,2024-01-01 15:43:00,0
W011,pick,C,175.0,0,106.0,0,2024-01-01 15:44:00,0
W005,ship,D,475.0,0,127.0,0,2024-01-01 15:45:00,0
W020,ship,A,258.0,0,75.0,0,2024-01-01 15:46:00,0
W011,pack,A,142.0,0,118.0,0,2024-01-01 15:47:00,0
W010,pick,D,36.0,0,95.0,0,2024-01-01 15:48:00,0
W008,pack,A,110.0,0,38.0,0,2024-01-01 15:49:00,0
W006,pick,D,148.0,0,52.0,1,2024-01-01 15:50:00,0
W006,ship,B,359.0,0,80.0,0,2024-01-01 15:51:00,0
W008,ship,C,118.0,0,112.0,0,2024-01-01 15:52:00,0
W015,receive,B,410.0,0,80.0,0,2024-01-01 15:53:00,0
W014,pick,D,202.0,0,82.0,0,2024-01-01 15:54:00,0
W011,pack,C,27.0,0,123.0,0,2024-01-01 15:55:00,0
W012,receive,D,953.0,0,83.0,1,2024-01-01 15:56:00,0
W013,receive,C,135.0,0,140.0,0,2024-01-01 15:57:00,0
W008,receive,C,90.0,0,135.0,0,2024-01-01 15:58:00,0
W018,pack,C,970.0,1,303.0,0,2024-01-01 15:59:00,1
W001,receive,C,21.0,0,123.0,0,2024-01-01 16:00:00,0
W015,pack,D,182.0,0,119.0,0,2024-01-01 16:01:00,0
W008,receive,C,124.0,0,93.0,0,2024-01-01 16:02:00,0
W011,pack,C,94.0,0,126.0,0,2024-01-01 16:03:00,0
W012,ship,B,550.0,0,130.0,1,2024-01-01 16:04:00,0
W012,ship,A,133.0,0,71.0,0,2024-01-01 16:05:00,0
W004,ship,A,45.0,0,105.0,1,2024-01-01 16:06:00,0
W016,ship,B,111.0,0,104.0,0,2024-01-01 16:07:00,0
W004,ship,B,453.0,0,125.0,0,2024-01-01 16:08:00,0
W005,receive,D,35.0,0,87.0,0,2024-01-01 16:09:00,0
W005,receive,D,43.0,0,82.0,0,2024-01-01 16:10:00,0
W008,receive,D,2.0,0,105.0,0,2024-01-01 16:11:00,0
W010,pack,B,3.0,0,135.0,0,2024-01-01 16:12:00,0
W017,pack,B,318.0,0,64.0,0,2024-01-01 16:13:00,0
W009,pack,C,237.0,0,69.0,0,2024-01-01 16:14:00,0
W019,pack,D,79.0,0,84.0,0,2024-01-01 16:15:00,0
W014,ship,D,216.0,0,90.0,0,2024-01-01 16:16:00,0
W008,ship,D,91.0,0,47.0,0,2024-01-01 16:17:00,0
W009,ship,A,550.0,0,145.0,0,2024-01-01 16:18:00,0
W011,pick,C,614.0,0,96.0,0,2024-01-01 16:19:00,0
W001,receive,D,90.0,0,92.0,0,2024-01-01 16:20:00,0
W014,pack,D,347.0,0,149.0,0,2024-01-01 16:21:00,0
W005,pack,D,267.0,0,122.0,0,2024-01-01 16:22:00,0
W014,ship,A,67.0,0,84.0,0,2024-01-01 16:23:00,0
W004,pack,A,48.0,0,105.0,0,2024-01-01 16:24:00,0
W001,pack,B,110.0,0,99.0,0,2024-01-01 16:25:00,0
W019,receive,C,274.0,1,143.0,0,2024-01-01 16:26:00,0
W008,ship,B,580.0,0,95.0,0,2024-01-01 16:27:00,0
W015,receive,C,260.0,0,57.0,0,2024-01-01 16:28:00,0
W015,pick,A,348.0,0,44.0,0,2024-01-01 16:29:00,0
W009,pick,D,166.0,0,144.0,0,2024-01-01 16:30:00,0
W009,pick,B,325.0,0,76.0,0,2024-01-01 16:31:00,0
W010,ship,D,276.0,0,120.0,0,2024-01-01 16:32:00,0
W020,pack,B,85.0,0,102.0,0,2024-01-01 16:33:00,0
W009,ship,A,145.0,0,88.0,0,2024-01-01 16:34:00,0
W003,ship,A,294.0,0,92.0,0,2024-01-01 16:35:00,0
W020,pack,A,8.0,0,148.0,0,2024-01-01 16:36:00,0
W011,receive,B,297.0,0,57.0,1,2024-01-01 16:37:00,0
W006,pick,C,35.0,0,88.0,0,2024-01-01 16:38:00,0
W002,receive,B,130.0,0,127.0,0,2024-01-01 16:39:00,0
